algorithm,n_positive,n_negative,mean_z_positive,mean_z_negative,mean_green_fraction_positive,mean_scored_tokens_positive,mean_ppl_positive,ppl_delta_vs_plain,auroc,tpr_at_5pct_fpr
KGW,1,1,0.0,0.816496580927726,0.25,8.0,9.216786311693976,-21.579780345395594,0.0,0.0
SWEET,1,1,1.4142135623730951,1.259704116089924,0.5,6.0,19.15341505187111,-11.64315160521846,1.0,1.0
EWD,1,1,0.6797910890660065,1.826620383491996,0.25,8.0,9.216786311693976,-21.579780345395594,0.0,0.0
